{
  "lastModified": "2025-07-16T17:56:03.400Z",
  "files": [
    {
      "ShortPath": "l0/README.md",
      "versionRef": "41ec4a1ceb480d121f7ef9f1c3a30ebe081b02e5",
      "Length": 14,
      "update_at": "2025-07-16T17:55:38.000Z"
    },
    {
      "ShortPath": "l2/designSystem.ts",
      "versionRef": "40970b685b66aaaa0a7bb631dd6ebe3f691be436",
      "Length": 16178,
      "update_at": "2025-07-16T17:55:45.000Z"
    },
    {
      "ShortPath": "l5/project.json",
      "versionRef": "e7b96cd36ee4f5f6369b111dd382e346259e7edf",
      "Length": 366,
      "update_at": "2025-07-16T17:55:43.000Z"
    },
    {
      "ShortPath": "l0/package.json",
      "versionRef": "a6f078d6ad294207fdbf4a099b1cde64968747da",
      "Length": 470,
      "update_at": "2025-07-16T17:55:41.000Z"
    },
    {
      "ShortPath": "l0/tsconfig.json",
      "versionRef": "6a95f6e8d8e3042af5f58de9c691a455a7221647",
      "Length": 1191,
      "update_at": "2025-07-16T17:55:42.000Z"
    }
  ]
}